protein_name,n_test,errors,FP,FN,TP,pos_rate,error_rate,precision@thr,recall@thr
HSA,3899,396,120,276,1676,0.5006411900487304,0.10156450371890229,0.933184855233853,0.8586065573770492
sEH,4036,403,111,292,1761,0.5086719524281467,0.09985133795837463,0.9407051282051282,0.8577691183633707
BRD4,4065,381,107,274,1812,0.5131611316113162,0.09372693726937269,0.9442417926003127,0.8686481303930969
